Workbook
Name ACTION: #REF!
Name ACTION: #REF!

Sheet Cover
B2: TEST REPORT DOCUMENT
A4: Project Name | B4: Meeting Room Management System | E4: Creator | F4: Le Trung Kien
A5: Project Code | B5: MRM | E5: Issue Date | F5: 46195
A6: Document Code | B6: MRM_ST_v0.1 | E6: Version | F6: 0.1
A9: Record of change
A10: Effective Date | B10: Version | C10: Change Item | D10: *A,D,M | E10: Change description | F10: Reference
A11: 46195 | B11: 0.1 | C11: Initial version | D11: A | E11: Create System Test document for Meeting Room Management System | F11: Meeting_Room_Management_SRS_v0.3.pdf

Sheet Test Cases
D1: TEST CASE LIST
B3: Project Name | D3: Meeting Room Management System
B4: Project Code | D4: MRM
B5: Test Environment Setup Description | D5: 1. Web Portal: https://portal.nextform.vn/session/signin 2. Mobile App: Cypresscom meeting (Android / iOS) 3. Web Browser: Google Chrome or Microsoft Edge (latest version) 4. Meeting Room Manager account: thuky / @Nextformvn2024@ 5. Participant accounts: daibieu1@tempmail.id.vn, daibieu2@tempmail.id.vn, daibieu3@tempmail.id.vn / @Nextformvn2024@ 6. Android Tablet (Display App) at meeting room entrance (if available) 7. Stable Internet connection
B8: No | C8: Function Name | D8: Sheet Name | E8: Description | F8: Pre-Condition
B9: 1 | C9: Meeting Registration | D9: Feature 1 | E9: Verify meeting booking functionality for User on Web/App | F9: User is logged into the system
B10: 2 | C10: Meeting Approval | D10: Feature 1 | E10: Verify approve/reject booking request workflow for Meeting Room Manager | F10: There is a booking request in pending status
B11: 3 | C11: Copy Meeting | D11: Feature 1 | E11: Verify copying information from an old meeting to create a new booking | F11: User has at least one previous meeting
B12: 4 | C12: Digital Signage Display | D12: Feature 2 | E12: Verify Display App shows meeting room status at the room entrance | F12: Display App tablet is connected and assigned to the meeting room
B13: 5 | C13: End Warning & Extension | D13: Feature 2 | E13: Verify 15-minute end warning notification and meeting extension workflow | F13: Meeting is approved and currently in progress
B14: 6 | C14: Auto Reminder | D14: Feature 2 | E14: Verify system sends reminders every 5 minutes when meeting exceeds scheduled time | F14: Meeting has ended but not confirmed as ended/extended
B15: 7 | C15: Performance Statistics | D15: Performance | E15: Verify meeting hours statistics report by room/unit | F15: Meeting Room Manager is logged into Web
B16: 8 | C16: Violation Report | D16: Performance | E16: Verify report of late/overtime meetings | F16: System has historical meeting data
B17: 9 | C17: Export Meeting List | D17: Performance | E17: Verify export daily meeting schedule to PDF/Excel | F17: Meeting Room Manager is logged into Web

Sheet Test Statistics
B1: TEST STATISTICS
B3: Project Name | C3: Meeting Room Management System | E3: Creator
B4: Project Code | C4: MRM | E4: Reviewer/Approver
B5: Document Code | C5: MRM_Test Report_v0.1 | E5: Issue Date | H5: 46195
B6: Notes | C6: Release 1 includes 3 modules: Registration & Approval, Operation & Display, Reports & Statistics
B10: No | C10: Module code | D10: Passed | E10: Failed | F10: Pending | G10: N/A | H10: Number of test cases
B11: 1 | C11: Registration & Approval Management | D11: ='Feature 1'!B6 -> 0 | E11: ='Feature 1'!C6 -> 0 | F11: 8 | G11: ='Feature 1'!E6 -> 0 | H11: 8
B12: 2 | C12: Operation & Display | D12: ='Feature 2'!B6 -> 0 | E12: ='Feature 2'!C6 -> 0 | F12: 7 | G12: ='Feature 2'!E6 -> 0 | H12: 7
B13: 3 | C13: Reports & Statistics | D13: 0 | E13: 0 | F13: 3 | G13: 0 | H13: 3
C14: Sub total | D14: =SUM(D9:D13) -> 0 | E14: =SUM(E9:E13) -> 0 | F14: 18 | G14: =SUM(G9:G13) -> 0 | H14: 18
C16: Test coverage | E16: =(D14+E14)*100/(H14-G14) -> 0 | F16: %
C17: Test successful coverage | E17: =D14*100/(H14-G14) -> 0 | F17: %

Sheet Feature 1
A2: Feature | B2: Registration & Approval Management | R2: Passed
A3: Test requirement | B3: Verify meeting registration, approve/reject request, and copy meeting functions per SRS sections 3.1 and 4.2 | R3: Failed
A4: Number of TCs | B4: 8 | R4: Pending
A5: Testing Round | B5: Passed | C5: Failed | D5: Pending | E5: N/A | R5: N/A
A6: Round 1 | B6: =COUNTIF($F10:$F1000,B5) -> 0 | C6: =COUNTIF($F10:$F1000,C5) -> 0 | D6: 8 | E6: =COUNTIF($F10:$F1000,E5) -> 0
A7: Round 2 | B7: =COUNTIF($F10:$F1000,B5) -> 0 | C7: =COUNTIF($F10:$F1000,C5) -> 0 | D7: 8 | E7: =COUNTIF($F10:$F1000,E5) -> 0
A8: Round 3 | B8: =COUNTIF($F10:$F1000,B5) -> 0 | C8: =COUNTIF($F10:$F1000,C5) -> 0 | D8: 8 | E8: =COUNTIF($F10:$F1000,E5) -> 0
A10: Test Case ID | B10: Test Case Description | C10: Test Case Procedure | D10: Expected Results | E10: Pre-conditions | F10: Round 1 | G10: Test date | H10: Tester | I10: Round 2 | J10: Test date | K10: Tester | L10: Round 3 | M10: Test date | N10: Tester | O10: Note
A11: Meeting Registration
A12: TC001 | B12: Verify meeting room list and available slots are displayed in real time | C12: 1. Log in to Web https://portal.nextform.vn with daibieu1@tempmail.id.vn 2. Navigate to meeting booking 3. Select date/time for booking 4. Observe room list and slot availability | D12: System displays room list with capacity, equipment, and real-time available/busy status | E12: User is successfully logged into Web Portal | F12: Pending | I12: Pending | L12: Pending
A13: TC002 | B13: Verify successful meeting registration with all required fields | C13: 1. Log in with daibieu1@tempmail.id.vn 2. Select a room with available slot 3. Enter Meeting Name, Time, Chairperson, Secretary, Content, Number of Participants 4. Click Submit Request | D13: Request is created successfully with Pending Approval status; Manager receives notification | E13: Selected room has available slot at chosen time | F13: Pending | I13: Pending | L13: Pending
A14: TC003 | B14: Verify validation when required fields are missing | C14: 1. Log in with daibieu1@tempmail.id.vn 2. Open registration form, leave required fields empty 3. Click Submit Request | D14: System shows error message and prevents submission when required fields are missing | E14: User is logged in | F14: Pending | I14: Pending | L14: Pending
A15: Meeting Approval
A16: TC004 | B16: Verify Manager approves a booking request | C16: 1. Log in with thuky 2. Open pending request list 3. Select a valid request 4. Click Approve | D16: Request status changes to Approved; Email/App notifications are sent to participants | E16: There is a booking request in pending status | F16: Pending | I16: Pending | L16: Pending
A17: TC005 | B17: Verify Manager rejects a booking request | C17: 1. Log in with thuky 2. Select a pending request 3. Click Reject and enter reason | D17: Request status changes to Rejected; User receives notification | E17: There is a booking request in pending status | F17: Pending | I17: Pending | L17: Pending
A18: TC006 | B18: Verify Manager cancels an approved meeting (emergency coordination) | C18: 1. Log in with thuky 2. Open an approved meeting 3. Click Cancel/Reschedule and enter reason | D18: Meeting is cancelled/rescheduled; notifications are sent to all related parties | E18: There is an approved meeting | F18: Pending | I18: Pending | L18: Pending
A19: Copy Meeting
A20: TC007 | B20: Verify copying information from an old meeting | C20: 1. Log in with daibieu1@tempmail.id.vn 2. Select an old meeting, click Copy 3. Update date/time and Submit Request | D20: Form is pre-filled with old meeting data; new request is submitted successfully | E20: User has at least one previous meeting | F20: Pending | I20: Pending | L20: Pending
A21: TC008 | B21: Verify document attachment when registering a meeting | C21: 1. Log in with daibieu1@tempmail.id.vn 2. Fill all required fields and upload a file 3. Submit Request | D21: Document is uploaded successfully; booking request is created with attachment | E21: User is logged in and has a valid file to upload | F21: Pending | I21: Pending | L21: Pending

Sheet Feature 2
A2: Feature | B2: Operation & Display (Real-time) | R2: Passed
A3: Test requirement | B3: Verify Display App, end warning, meeting extension, and auto reminder per SRS sections 3.2, 3.3 and 4.3 | R3: Failed
A4: Number of TCs | B4: 7 | R4: Pending
A5: Testing Round | B5: Passed | C5: Failed | D5: Pending | E5: N/A | R5: N/A
A6: Round 1 | B6: =COUNTIF($F10:$F996,B5) -> 0 | C6: =COUNTIF($F10:$F996,C5) -> 0 | D6: 7 | E6: =COUNTIF($F10:$F996,E5) -> 0
A7: Round 2 | B7: =COUNTIF($F10:$F996,B5) -> 0 | C7: =COUNTIF($F10:$F996,C5) -> 0 | D7: 7 | E7: =COUNTIF($F10:$F996,E5) -> 0
A8: Round 3 | B8: =COUNTIF($F10:$F996,B5) -> 0 | C8: =COUNTIF($F10:$F996,C5) -> 0 | D8: 7 | E8: =COUNTIF($F10:$F996,E5) -> 0
A10: Test Case ID | B10: Test Case Description | C10: Test Case Procedure | D10: Expected Results | E10: Pre-conditions | F10: Round 1 | G10: Test date | H10: Tester | I10: Round 2 | J10: Test date | K10: Tester | L10: Round 3 | M10: Test date | N10: Tester | O10: Note
A11: Digital Signage Display
A12: TC009 | B12: Verify Display App turns Red (Busy) when meeting starts | C12: 1. Create and approve a meeting for Room A 2. Wait until meeting start time 3. Observe tablet screen at Room A entrance | D12: Screen turns Red and shows meeting name, chairperson, and current time | E12: Display App is connected via WiFi and assigned to Room A | F12: Pending | I12: Pending | L12: Pending
A13: TC010 | B13: Verify Display App turns Green (Available) when room is empty | C13: 1. Ensure Room B has no ongoing meeting 2. Observe tablet screen at Room B entrance | D13: Screen shows Green color with Available status | E13: Display App is connected and assigned to Room B | F13: Pending | I13: Pending | L13: Pending
A14: TC011 | B14: Verify next meeting schedule is displayed on Display App | C14: 1. Book 2 consecutive meetings for the same room 2. During the first meeting, observe Display App | D14: Display shows current meeting info and next meeting schedule for the room | E14: Room has at least 2 approved consecutive meetings | F14: Pending | I14: Pending | L14: Pending
A15: End Warning & Extension
A16: TC012 | B16: Verify 15-minute end warning notification before meeting ends | C16: 1. Use an approved meeting currently in progress 2. Wait until 15 minutes before end time 3. Check App/Email notification for creator | D16: System sends Do you want to extend? notification to Creator and Meeting Room Manager | E16: Meeting is in progress with 15 minutes remaining | F16: Pending | I16: Pending | L16: Pending
A17: TC013 | B17: Verify approved meeting extension workflow | C17: 1. Receive 15-minute warning 2. User clicks Extend on App 3. Manager (thuky) logs in and approves extension 4. Verify next room slot | D17: Extension is approved if next slot is free; meeting time is updated; notifications are sent | E17: Meeting is in progress and next slot is available | F17: Pending | I17: Pending | L17: Pending
A18: Auto Reminder
A19: TC014 | B19: Verify auto reminder every 5 minutes when meeting exceeds scheduled time | C19: 1. Let meeting end without End or Extend action 2. Observe App/Email notifications 3. Record interval between reminders | D19: System sends reminder every 5 minutes until meeting is ended or extended | E19: Meeting has ended but User has not confirmed end/extend | F19: Pending | I19: Pending | L19: Pending
A20: TC018 | B20: Verify multi-channel notifications (Email and Push) when meeting is approved | C20: 1. User (daibieu1) creates a booking request 2. Manager (thuky) approves the request 3. Check Email and App notifications for participants | D20: Participants receive notifications via Email and Push notification on Cypresscom meeting App | E20: Meeting was just approved; participants have App installed and valid email | F20: Pending | I20: Pending | L20: Pending

Sheet Performance
A2: Feature | B2: Reports & Statistics | R2: Passed
A3: Test requirement | B3: Verify performance statistics, violation reports, and meeting list export per SRS sections 3.4 and 4.5 | R3: Failed
A4: Number of TCs | B4: 3 | R4: Pending
A5: Testing Round | B5: Passed | C5: Failed | D5: Pending | E5: N/A | R5: N/A
A6: Round 1 | B6: =COUNTIF($F10:$F996,B5) -> 0 | C6: =COUNTIF($F10:$F996,C5) -> 0 | D6: 3 | E6: =COUNTIF($F10:$F996,E5) -> 0
A7: Round 2 | B7: =COUNTIF($F10:$F996,B5) -> 0 | C7: =COUNTIF($F10:$F996,C5) -> 0 | D7: 3 | E7: =COUNTIF($F10:$F996,E5) -> 0
A8: Round 3 | B8: =COUNTIF($F10:$F996,B5) -> 0 | C8: =COUNTIF($F10:$F996,C5) -> 0 | D8: 3 | E8: =COUNTIF($F10:$F996,E5) -> 0
A10: Test Case ID | B10: Test Case Description | C10: Test Case Procedure | D10: Expected Results | E10: Pre-conditions | F10: Round 1 | G10: Test date | H10: Tester | I10: Round 2 | J10: Test date | K10: Tester | L10: Round 3 | M10: Test date | N10: Tester | O10: Note
A11: Performance Statistics
A12: TC015 | B12: Verify meeting hours statistics by room/unit | C12: 1. Log in with thuky 2. Navigate to Reports & Statistics 3. Select time range (month/quarter) 4. Filter by room or unit 5. View chart/results | D12: System displays room usage chart, meeting hours, and session count based on selected filters | E12: Manager is logged in and system has meeting data | F12: Pending | I12: Pending | L12: Pending
A13: Violation Report
A14: TC016 | B14: Verify report of late/overtime meetings | C14: 1. Log in with thuky 2. Navigate to Violation Report 3. Select time range 4. View violation list | D14: System displays list of late meetings, room usage rate, and units/individuals with overtime meetings | E14: System has historical meeting data including overtime cases | F14: Pending | I14: Pending | L14: Pending
A15: Export Meeting List
A16: TC017 | B16: Verify export daily meeting schedule to PDF/Excel | C16: 1. Log in with thuky 2. Navigate to Daily Meeting List 3. Select date 4. Click Export PDF or Export Excel | D16: PDF/Excel file is downloaded with full daily meeting schedule (name, room, time, chairperson) | E16: Manager is logged in and there are meetings on selected date | F16: Pending | I16: Pending | L16: Pending
